<?xml version="1.0" encoding="UTF-8" standalone="no"?>
<!-- pycsw 2.4.0 -->
<csw:GetRecordByIdResponse xmlns:csw="http://www.opengis.net/cat/csw/2.0.2" xmlns:dc="http://purl.org/dc/elements/1.1/" xmlns:dct="http://purl.org/dc/terms/" xmlns:dif="http://gcmd.gsfc.nasa.gov/Aboutus/xml/dif/" xmlns:gmd="http://www.isotc211.org/2005/gmd" xmlns:gml="http://www.opengis.net/gml" xmlns:ows="http://www.opengis.net/ows" xmlns:xs="http://www.w3.org/2001/XMLSchema" xmlns:xsi="http://www.w3.org/2001/XMLSchema-instance" xsi:schemaLocation="http://www.opengis.net/cat/csw/2.0.2 http://schemas.opengis.net/csw/2.0.2/CSW-discovery.xsd">
  <dif:DIF xsi:schemaLocation="http://gcmd.gsfc.nasa.gov/Aboutus/xml/dif/ http://gcmd.gsfc.nasa.gov/Aboutus/xml/dif/dif.xsd">
    <dif:Entry_ID>e307680e-9226-11e9-a0a6-0242ac120003</dif:Entry_ID>
    <dif:Entry_Title>Arizona Zip Codes</dif:Entry_Title>
    <dif:Data_Set_Citation>
      <dif:Dataset_Creator>pyager1</dif:Dataset_Creator>
      <dif:Dataset_Release_Date>2019-06-19T00:12:00Z</dif:Dataset_Release_Date>
      <dif:Dataset_Publisher>pyager1</dif:Dataset_Publisher>
      <dif:Data_Presentation_Form>vector</dif:Data_Presentation_Form>
    </dif:Data_Set_Citation>
    <dif:ISO_Topic_Category>boundaries</dif:ISO_Topic_Category>
    <dif:Keyword>boundaries</dif:Keyword>
    <dif:Keyword>neighborhoods</dif:Keyword>
    <dif:Temporal_Coverage>
      <dif:Start_Date>2010-07-01T17:15:00Z</dif:Start_Date>
      <dif:End_Date/>
    </dif:Temporal_Coverage>
    <dif:Spatial_Coverage>
      <dif:Southernmost_Latitude>31.2769208792</dif:Southernmost_Latitude>
      <dif:Northernmost_Latitude>37.0213015017</dif:Northernmost_Latitude>
      <dif:Westernmost_Longitude>-115.027987214</dif:Westernmost_Longitude>
      <dif:Easternmost_Longitude>-108.91447109</dif:Easternmost_Longitude>
    </dif:Spatial_Coverage>
    <dif:Access_Constraints>otherRestrictions</dif:Access_Constraints>
    <dif:Data_Set_Language>eng</dif:Data_Set_Language>
    <dif:Originating_Center/>
    <dif:Summary>5 digit ZIP Code Tabulation Areas (ZCTAs) from the 2010 Census. ZCTAs are approximate area representations of U.S. Postal Service (USPS) ZIP Code service areas that the Census Bureau creates to present statistical data from Census 2000. The Census Bureau creates ZCTAs for the United States, Puerto Rico, American Samoa, Guam, the Commonwealth of the Northern Mariana Islands, and the U.S. Virgin Islands for the 2010 Census. Data users should not use ZCTAs to identify the official USPS ZIP Code for mail delivery. The USPS makes periodic changes to ZIP Codes to support more efficient mail delivery.</dif:Summary>
    <dif:DIF_Creation_Date>2019-06-19T00:12:00Z</dif:DIF_Creation_Date>
    <dif:Related_URL>
      <dif:URL/>
    </dif:Related_URL>
    <dif:Related_URL>
      <dif:URL_Content_Type>
        <dif:Type>WWW:DOWNLOAD-1.0-http--download</dif:Type>
      </dif:URL_Content_Type>
      <dif:URL>http://dataexchange.asu.edu:80/gs/ows?service=WMS&amp;request=GetLegendGraphic&amp;format=image/png&amp;WIDTH=20&amp;HEIGHT=20&amp;LAYER=geonode:Zip_Codes&amp;STYLE=Zip_Codes&amp;legend_options=fontAntiAliasing:true;fontSize:12;forceLabels:on</dif:URL>
      <dif:Description>Arizona Zip Codes (Legend Format)</dif:Description>
    </dif:Related_URL>
    <dif:Related_URL>
      <dif:URL_Content_Type>
        <dif:Type>WWW:DOWNLOAD-1.0-http--download</dif:Type>
      </dif:URL_Content_Type>
      <dif:URL>http://dataexchange.asu.edu:80/gs/ows?layers=geonode%3AZip_Codes&amp;service=WMS&amp;format=image%2Fpng&amp;request=GetMap&amp;height=550&amp;width=472&amp;bbox=141388.194882054000000%2C3466416.829801070000000%2C685521.751888205000000%2C4099268.926352000000000&amp;srs=EPSG%3A3742</dif:URL>
      <dif:Description>Arizona Zip Codes (PNG Format)</dif:Description>
    </dif:Related_URL>
    <dif:Related_URL>
      <dif:URL_Content_Type>
        <dif:Type>WWW:DOWNLOAD-1.0-http--download</dif:Type>
      </dif:URL_Content_Type>
      <dif:URL>http://dataexchange.asu.edu:80/gs/ows?layers=geonode%3AZip_Codes&amp;service=WMS&amp;format=application%2Fpdf&amp;request=GetMap&amp;height=550&amp;width=472&amp;bbox=141388.194882054000000%2C3466416.829801070000000%2C685521.751888205000000%2C4099268.926352000000000&amp;srs=EPSG%3A3742</dif:URL>
      <dif:Description>Arizona Zip Codes (PDF Format)</dif:Description>
    </dif:Related_URL>
    <dif:Related_URL>
      <dif:URL_Content_Type>
        <dif:Type>WWW:DOWNLOAD-1.0-http--download</dif:Type>
      </dif:URL_Content_Type>
      <dif:URL>http://dataexchange.asu.edu:80/gs/ows?layers=geonode%3AZip_Codes&amp;service=WMS&amp;format=image%2Fjpeg&amp;request=GetMap&amp;height=550&amp;width=472&amp;bbox=141388.194882054000000%2C3466416.829801070000000%2C685521.751888205000000%2C4099268.926352000000000&amp;srs=EPSG%3A3742</dif:URL>
      <dif:Description>Arizona Zip Codes (JPEG Format)</dif:Description>
    </dif:Related_URL>
    <dif:Related_URL>
      <dif:URL_Content_Type>
        <dif:Type>OGC:WMS</dif:Type>
      </dif:URL_Content_Type>
      <dif:URL>http://dataexchange.asu.edu:80/gs/ows</dif:URL>
      <dif:Description>OGC WMS: geonode Service</dif:Description>
    </dif:Related_URL>
    <dif:Related_URL>
      <dif:URL_Content_Type>
        <dif:Type>WWW:LINK-1.0-http--link</dif:Type>
      </dif:URL_Content_Type>
      <dif:URL>http://dataexchange.asu.edu:80/layers/geonode:Zip_Codes</dif:URL>
      <dif:Description>Web address (URL)</dif:Description>
    </dif:Related_URL>
    <dif:Related_URL>
      <dif:URL_Content_Type>
        <dif:Type>WWW:DOWNLOAD-1.0-http--download</dif:Type>
      </dif:URL_Content_Type>
      <dif:URL>http://dataexchange.asu.edu:80/gs/ows?srsName=EPSG%3A3742&amp;outputFormat=json&amp;service=WFS&amp;srs=EPSG%3A3742&amp;request=GetFeature&amp;typename=geonode%3AZip_Codes&amp;version=1.0.0</dif:URL>
      <dif:Description>Arizona Zip Codes (GeoJSON Format)</dif:Description>
    </dif:Related_URL>
    <dif:Related_URL>
      <dif:URL_Content_Type>
        <dif:Type>WWW:DOWNLOAD-1.0-http--download</dif:Type>
      </dif:URL_Content_Type>
      <dif:URL>http://dataexchange.asu.edu:80/gs/ows?outputFormat=excel&amp;service=WFS&amp;srs=EPSG%3A3742&amp;request=GetFeature&amp;typename=geonode%3AZip_Codes&amp;version=1.0.0</dif:URL>
      <dif:Description>Arizona Zip Codes (Excel Format)</dif:Description>
    </dif:Related_URL>
    <dif:Related_URL>
      <dif:URL_Content_Type>
        <dif:Type>WWW:DOWNLOAD-1.0-http--download</dif:Type>
      </dif:URL_Content_Type>
      <dif:URL>http://dataexchange.asu.edu:80/gs/ows?outputFormat=csv&amp;service=WFS&amp;srs=EPSG%3A3742&amp;request=GetFeature&amp;typename=geonode%3AZip_Codes&amp;version=1.0.0</dif:URL>
      <dif:Description>Arizona Zip Codes (CSV Format)</dif:Description>
    </dif:Related_URL>
    <dif:Related_URL>
      <dif:URL_Content_Type>
        <dif:Type>WWW:DOWNLOAD-1.0-http--download</dif:Type>
      </dif:URL_Content_Type>
      <dif:URL>http://dataexchange.asu.edu:80/gs/ows?outputFormat=text%2Fxml%3B+subtype%3Dgml%2F3.1.1&amp;service=WFS&amp;srs=EPSG%3A3742&amp;request=GetFeature&amp;typename=geonode%3AZip_Codes&amp;version=1.0.0</dif:URL>
      <dif:Description>Arizona Zip Codes (GML 3.1.1 Format)</dif:Description>
    </dif:Related_URL>
    <dif:Related_URL>
      <dif:URL_Content_Type>
        <dif:Type>WWW:DOWNLOAD-1.0-http--download</dif:Type>
      </dif:URL_Content_Type>
      <dif:URL>http://dataexchange.asu.edu:80/gs/ows?outputFormat=gml2&amp;service=WFS&amp;srs=EPSG%3A3742&amp;request=GetFeature&amp;typename=geonode%3AZip_Codes&amp;version=1.0.0</dif:URL>
      <dif:Description>Arizona Zip Codes (GML 2.0 Format)</dif:Description>
    </dif:Related_URL>
    <dif:Related_URL>
      <dif:URL_Content_Type>
        <dif:Type>WWW:DOWNLOAD-1.0-http--download</dif:Type>
      </dif:URL_Content_Type>
      <dif:URL>http://dataexchange.asu.edu:80/gs/ows?outputFormat=SHAPE-ZIP&amp;service=WFS&amp;srs=EPSG%3A3742&amp;request=GetFeature&amp;format_options=charset%3AUTF-8&amp;typename=geonode%3AZip_Codes&amp;version=1.0.0</dif:URL>
      <dif:Description>Arizona Zip Codes (Zipped Shapefile Format)</dif:Description>
    </dif:Related_URL>
    <dif:Related_URL>
      <dif:URL_Content_Type>
        <dif:Type>WWW:DOWNLOAD-1.0-http--download</dif:Type>
      </dif:URL_Content_Type>
      <dif:URL>http://dataexchange.asu.edu:80/download/18</dif:URL>
      <dif:Description>Arizona Zip Codes (Original Dataset Format)</dif:Description>
    </dif:Related_URL>
    <dif:Metadata_Name>CEOS IDN DIF</dif:Metadata_Name>
    <dif:Metadata_Version>9.7</dif:Metadata_Version>
  </dif:DIF>
</csw:GetRecordByIdResponse>
